No,Nama tempat,kabupaten kota,kategori,latitude,longitude,Fasilitas,rating,Foto
1,Air Terjun Cengkaan,Lampung Barat,wisata alam,-4.982661,104.439636,"Parkir, Toilet, Mushola, Restoran",4.2,https://lh3.googleusercontent.com/gps-cs-s/AG0ilSySizF7lV_tICKFA2nbGdDpG1cB51vNuVyzJcYihI9eHVKlziTFIZGqaBqnToMkXVjrHa14usfjzDJUBEKATkqhYdHmvRUIj3ZB-aqpfjd3rf-gIQ0YIhTju-WIJdopGRKOoda8NQ=s680-w680-h510-rw
2,Air Terjun Semantung,Lampung Barat,wisata alam,-5.027573,104.442844,Parkir,4.7,https://lh3.googleusercontent.com/gps-cs-s/AG0ilSy0ZHuV9dJfG_3ukg2kEtxkqSuKcXww39VbIKo5NJiHnQTFuVGZIeGLvPjx_IBEA1em0Of-G-zScIoqm4LYxp0H8dVgUpPLkm52Znxqv7E6e1SqqXinJHxwW6-yHmczOS8hU4lQ9g=s680-w680-h510-rw
3,Curug Gimo,Lampung Barat,wisata alam,-5.134218,104.378831,"Parkir, Toilet, Restoran",4.8,https://encrypted-tbn0.gstatic.com/images?q=tbn:ANd9GcSYJk3rwURmnVonppzQlcQurae23bxuVTBJZg&s
4,Curug Tresno,Lampung Barat,wisata alam,-4.994822,104.297743,"Parkir, Toilet, Restoran",4.1,
5,Danau Asam Suoh,Lampung Barat,wisata alam,-4.911030,103.633661,"Parkir, Toilet, Mushola, Restoran",4.1,
6,Desa Wisata datar petay pekon mutar alam,Lampung Barat,wisata alam,-5.054806,104.394308,"Parkir, Toilet, Mushola, Restoran",5,
7,Kampung Kopi Rigis Jaya,Lampung Barat,wisata alam,-5.057376,104.4316282,"Parkir, Toilet, Mushola, Restoran",4.5,
8,Obyek Wisata Alam kubu perahu Taman Nasional Bukit barisan Selatan,Lampung Barat,wisata alam,-5.070760,104.041484,"Parkir, Toilet, Mushola, Restoran",4.4,
9,Pinus Eco Park,Lampung Barat,wisata alam,-4.982977,104.4951591,"Parkir, Toilet, Mushola, Restoran",4.3,
10,Pokdarwis Peduli Seminung,Lampung Barat,wisata alam,-4.911111,103.942734,"Parkir, Toilet, Mushola, Restoran",,
11,Puncak jaya Manggala,Lampung Barat,wisata alam,-5.018575,104.231156,"Parkir, Toilet, Restoran",4.4,
12,Taman Haruma,Lampung Barat,wisata alam,-4.999244,104.491812,"Parkir, Toilet, Mushola, Restoran",4,
13,Taman segar sari,Lampung Barat,wisata alam,-5.025913,104.291742,"Parkir, Toilet, Mushola, Restoran",5,
14,TAMAN WISATA CURUP PADAE,Lampung Barat,wisata alam,-5.054806,104.394308,"Parkir, Toilet, Mushola, Restoran",4.4,
15,Temiangan hill,Lampung Barat,wisata alam,-5.122379,104.4399699,"Parkir, Toilet, Mushola, Restoran",4.5,
16,WAY BESAI RAFTING,Lampung Barat,wisata alam,-5.026805,104.423395,"Parkir, Toilet, Mushola, Restoran",4.6,
17,Wisata alam batu langit,Lampung Barat,wisata alam,-5.019323,104.4632196,"Parkir, Toilet, Mushola, Restoran",4.3,https://wartaniaga.id/wp-content/uploads/2021/09/IMG-20210902-WA0000-280x210.jpg
18,Reendjana Park,Lampung Barat,wisata buatan,-5.055475,104.3150076,"Parkir, Toilet, Mushola, Restoran",3.8,
19,Sekolah kopi,Lampung Barat,wisata buatan,-5.027076,104.426773,"Parkir, Toilet, Mushola, Restoran",4.6,
20,Waterboom berlian muda,Lampung Barat,wisata buatan,-4.919369,104.014931,"Parkir, Toilet, Mushola, Restoran",4.3,
21,WATERBOOM USAHA MUDA,Lampung Barat,wisata buatan,-5.008894,104.4714808,"Parkir, Toilet, Mushola, Restoran",4.3,
22,Desa wisata bali dharma Kerti ( kampung Bali),Lampung Barat,wisata budaya,-5.084977,104.365943,"Parkir, Toilet, Restoran",4.6,
23,Situs megalitikum Batu brak,Lampung Barat,wisata budaya,-5.052080,104.5306015,"Parkir, Toilet, Restoran",4.4,
24,BUMI PERKEMAHAN SUKARAJA,Lampung Barat,wisata buatan,-5.041648,104.362718,"Parkir, Toilet, Mushola, Restoran",4.8,
25,KEBUN RAYA LIWA,Lampung Barat,wisata buatan,-5.038085,104.0762154,"Parkir, Toilet, Mushola, Restoran",4.5,
26,Kolam Renang Galih Permai,Lampung Barat,wisata buatan,-5.022779,104.0833018,"Parkir, Toilet, Mushola, Restoran",4.5,
27,KOLAM RENANG ALAMI WAY SINDA,Lampung Barat,wisata buatan,-5.046320,104.0701054,"Parkir, Toilet, Restoran",4.2,
28,REST AREA PUNCAK SUMBER JAYA,Lampung Barat,wisata lainnya,-5.027539,104.4478057,"Parkir, Toilet, Mushola, Restoran",4.6,
29,WISATA CAI KAHURIPAN,Lampung Barat,wisata alam,-5.030773,104.4157161,"Parkir, Toilet, Mushola, Restoran",4.3,
30,CURUG KHAJA SAKA,Lampung Selatan,wisata alam,-5.858819,105.7217564,"Parkir, Toilet, Mushola, Restoran",4.5,
31,AIR TERJUN WAY KALAM,Lampung Selatan,wisata alam,-5.762639,105.664525,"Parkir, Toilet, Mushola, Restoran",4.6,
32,Alau Alau Resort,Lampung Selatan,wisata alam,-5.699881,105.5594091,"Parkir, Toilet, Mushola, Restoran",4.1,
33,ARANG GRILL & BEACH,Lampung Selatan,wisata alam,-5.674847,105.5107858,"Parkir, Toilet, Mushola",4.5,
34,AURORA BEACH,Lampung Selatan,wisata alam,-5.713227,105.573292,"Parkir, Toilet, Mushola, Restoran",4.6,
35,BUKIT PEMATANG SUNRISE,Lampung Selatan,wisata alam,-5.870018,105.7265486,"Parkir, Toilet, Mushola, Restoran",4.4,
36,DAYN WATERBOOM,Lampung Selatan,wisata buatan,-5.682940,105.5300056,"Parkir, Toilet, Mushola, Restoran",4.1,
37,Desa Wisata Kunjir,Lampung Selatan,wisata buatan,-5.829441,105.6354093,"Parkir, Toilet, Mushola, Restoran",4.4,
38,KALIANDA BEACH,Lampung Selatan,wisata alam,-5.727599,105.5849943,"Parkir, Toilet, Mushola, Restoran",4.7,
39,Kolam Renang Sumber Air Terjun,Lampung Selatan,wisata buatan,-5.233931,105.169757,"Parkir, Toilet, Mushola, Restoran",4.3,
40,MBeach,Lampung Selatan,wisata alam,-5.666893,105.5416095,"Parkir, Toilet, Mushola, Restoran",4.2,
41,PANTAI ARUNA,Lampung Selatan,wisata alam,-5.667372,105.5452971,"Parkir, Toilet, Mushola",4.4,
42,PANTAI BAGUS BEACH WALK,Lampung Selatan,wisata alam,-5.667398,105.5546159,"Parkir, Toilet, Mushola, Restoran",4.4,
43,PANTAI BELEBUK,Lampung Selatan,wisata alam,-5.847377,105.6979815,"Parkir, Toilet, Mushola, Restoran",4.3,
44,PANTAI CEMARA,Lampung Selatan,wisata alam,-5.685499,105.5295601,"Parkir, Toilet, Mushola, Restoran",4.7,
45,PANTAI KEDU,Lampung Selatan,wisata alam,-5.721824,105.5810128,"Parkir, Toilet, Mushola, Restoran",4.4,
46,PANTAI KEDU WARNA,Lampung Selatan,wisata alam,-5.718520,105.5770437,"Parkir, Toilet, Mushola, Restoran",4.5,
47,PANTAI MARINA,Lampung Selatan,wisata alam,-5.681575,105.5155867,"Parkir, Toilet, Mushola, Restoran",4.5,
48,PANTAI MINANG RUA,Lampung Selatan,wisata alam,-5.856575,105.7142964,"Parkir, Toilet, Mushola, Restoran",4.3,
49,PANTAI PELANGI INDAH,Lampung Selatan,wisata alam,-5.721321,105.5801278,"Parkir, Toilet, Mushola, Restoran",4.5,
50,PANTAI SEMUKUK INDAH,Lampung Selatan,wisata alam,-5.761308,105.5832179,"Parkir, Toilet, Mushola, Restoran",4.5,
51,PANTAI SEPENAN,Lampung Selatan,wisata alam,-5.669235,105.5359681,"Parkir, Toilet, Mushola, Restoran",4.1,
52,Pantai Serambi Krakatau,Lampung Selatan,wisata alam,-5.835454,105.6444595,"Parkir, Toilet, Mushola, Restoran",4.6,
53,PANTAI SETEGI HENI,Lampung Selatan,wisata alam,-5.789609,105.5812985,"Parkir, Toilet, Mushola, Restoran",4.7,
54,PANTAI TITIAN MUTIARA,Lampung Selatan,wisata alam,-5.781080, 105.5806822,"Parkir, Toilet, Mushola, Restoran",4.6,
55,Pantai WWG Sikop,Lampung Selatan,wisata alam,-5.835354,105.6462306,"Parkir, Mushola, Restoran",4.7,
56,PEMANDIAN AIR PANAS WAY BELARANG,Lampung Selatan,wisata alam,-5.750540,105.60399100,"Parkir, Toilet, Mushola, Restoran",4.3,
57,Pemandian Wai Panas,Lampung Selatan,wisata alam,-5.744174,105.58790507,"Parkir, Toilet, Mushola, Restoran",4.1,
58,SANGGAR BEACH,Lampung Selatan,wisata alam,-5.726781271,105.584398,"Parkir, Toilet, Mushola",4.4,
59,SENJA,Lampung Selatan,wisata alam,-5.667313197,105.5457632,"Parkir, Mushola, Restoran",4.1,
60,SIGER PARK BAKAUHENI HARBOUR CITY,Lampung Selatan,wisata buatan,-5.863372969,105.7498607,"Parkir, Toilet, Mushola, Restoran",4.6,
61,Slanik Waterpark,Lampung Selatan,wisata buatan,-5.304727485,105.2890187,"Parkir, Toilet, Mushola",4.4,
62,Taman Saquila,Lampung Selatan,wisata buatan,-5.234071584,105.1728543,"Parkir, Toilet, Mushola",4.4,
63,Pantai Wartawan,Lampung Selatan,wisata alam,-5.836135839,105.6287364,"Parkir, Toilet, Mushola, Restoran",4.1,
64,Way Tebing Ceppa,Lampung Selatan,wisata buatan,-5.745117426,105.6565186,"Toilet, Mushola, Restoran",4.7,
65,Wisata Bahari Citra Usaha Laut II,Lampung Selatan,wisata lainnya,-5.490000, 105.400000,"Toilet, Mushola, Restoran",,
66,Wisata Religi (MakamR atu Darah Putih Kalianda),Lampung Selatan,wisata religi,-5.715795988,5.685158085,"Parkir, Toilet, Mushola",4.4,
67,Agro Forestry,Lampung Tengah,wisata alam,-4.762922433,105.2064414,"Parkir, Toilet, Mushola, Restoran",4.2,
68,BATU TUMPANG,Lampung Tengah,wisata alam,-5.11075269,104.881919,Parkir,4.2,
69,BETAN SUBING,Lampung Tengah,wisata budaya,-4.878105979,105.2230399,"Parkir, Toilet, Mushola",3.9,
70,CURUG LESTARI,Lampung Tengah,wisata alam,-5.127451281,104.8015113,Parkir,4.4,
71,CURUG TUJUH,Lampung Tengah,wisata alam,-5.091991151,104.7248768,Toilet,4.3,
72,DANAU BEKRI,Lampung Tengah,wisata alam,-5.084574694,105.1209111,"Parkir, Restoran",4.4,
73,Dwi Karya Water Park,Lampung Tengah,wisata buatan,-4.800088376,105.2275223,"Parkir, Toilet, Mushola, Restoran",4.5,
74,EMBUNG TANJUNG ANOM,Lampung Tengah,wisata alam,-4.784809797,105.261135,"Parkir, Toilet, Mushola, Restoran",4,
75,KARYA TAMA,Lampung Tengah,wisata lainnya,-4.877309942,105.2301473,"Parkir, Toilet",4.2,
76,KEBUN GAHARU,Lampung Tengah,wisata lainnya,-4.417697298,105.7593409,"Parkir, Toilet, Restoran",5,
77,Kolam Renang Gunung Merah,Lampung Tengah,wisata buatan,-4.930901839,105.2085016,"Parkir, Toilet, Mushola, Restoran",3.9,
78,Kolam Renang Tirta Bening,Lampung Tengah,wisata buatan,-5.105362433,104.8899568,"Parkir, Toilet, Mushola, Restoran",3.9,
79,KOPIAH EMAS,Lampung Tengah,wisata lainnya,-4.974923868,105.2130767,"Parkir, Toilet, Mushola, Restoran",4.5,
80,Kolam Renang Lamondo Water Park,Lampung Tengah,wisata buatan,-4.952091375,105.2074758,"Parkir, Toilet, Mushola, Restoran",4.3,
81,Lembah Milenium,Lampung Tengah,wisata alam,-4.909763476,105.1850605,"Parkir, Toilet, Mushola, Restoran",4.2,
82,Pak Minak,Lampung Tengah,wisata budaya,-4.880128041,105.2209149,"Parkir, Toilet, Mushola, Restoran",4.4,
83,PAKMONTI,Lampung Tengah,wisata lainnya,-4.897959755,105.1936085,"Parkir, Toilet, Restoran",5,
84,Jati Agro,Lampung Tengah,wisata buatan,-5.338707242,105.2889384,"Parkir, Toilet, Restoran",4.6,
85,Puncak BB (Bukit Batubara),Lampung Tengah,wisata alam,-5.049066043,104.7783323,Parkir,4.5,
86,Rumah Adat Betan Subing,Lampung Tengah,wisata budaya,-4.881701,105.222390,"Parkir, Toilet, Mushola",,
87,SEMENANJUNG BADRAN,Lampung Tengah,wisata lainnya,-5.05581747,105.3102636,"Parkir, Toilet",4.7,
88,Taman Cerry Glompong,Lampung Tengah,wisata buatan,-4.94098041,105.2106685,"Parkir, Toilet, Mushola, Restoran",4.1,
89,TAMAN TUGU Sembilan Gajah Putih,Lampung Tengah,wisata buatan,-4.998434775,105.2071133,Parkir,4.5,
90,Taman Umbul Jati,Lampung Tengah,wisata buatan,-4.876847337,105.1847927,"Parkir, Toilet",4.4,
91,TDA Gembira Ria,Lampung Tengah,wisata buatan,-4.910229953,105.352789,"Parkir, Toilet, Mushola, Restoran",4.1,
92,Kolam Renang Telaga Putri,Lampung Tengah,wisata buatan,-4.823827783,105.4948114,"Parkir, Toilet, Mushola, Restoran",4.1,
93,TELAGA REJO,Lampung Tengah,wisata buatan,-5.135022853,104.8199441,"Parkir, Toilet, Mushola, Restoran",4.6,
94,TIRTA GANGGA,Lampung Tengah,wisata buatan,-8.412283657,115.5872758,"Parkir, Toilet, Mushola, Restoran",4.6,
95,Tugu Canang,Lampung Tengah,wisata budaya,-4.975737674,105.21218,"Parkir, Toilet, Mushola, Restoran",4.6,
96,Tugu Kopiah Emas,Lampung Tengah,wisata budaya,-4.974923868,105.2130767,"Parkir, Toilet, Mushola, Restoran",4.5,
97,Wisata Danau Telogo Rejo,Lampung Tengah,wisata alam,-5.166281575,104.8378302,"Parkir, Toilet, Mushola, Restoran",4.6,
98,pantai kerang mas,Lampung Timur,wisata alam,-5.370095238,105.8188711,"Parkir, Toilet, Mushola, Restoran",4.1,
99,bendungan danau way jepara,Lampung Timur,wisata alam,-5.209473597,105.6721566,"Parkir, Toilet, Mushola, Restoran",4.6,
100,Bendungan marga tiga,Lampung Timur,wisata buatan,-5.207622832,105.4873337,"Parkir, Toilet, Mushola, Restoran",4.1,
101,Embung nibung kalijodo,Lampung Timur,wisata buatan,-5.402439523,105.7706324,"Parkir, Toilet, Mushola, Restoran",4.1,
102,Sesat Agung Sukadana,Lampung Timur,wisata lainnya,-5.066722815,105.5502518,"Parkir, Toilet, Mushola, Restoran",4.3,
103,Gemati,Lampung Timur,wisata budaya,-5.134097184,105.3355341,"Parkir, Toilet, Mushola, Restoran",4.7,
104,GERYA KEBUN,Lampung Timur,wisata budaya,-5.112261763,105.3429517,"Parkir, Toilet, Mushola, Restoran",4.2,
105,GOA PANDAN GIRI MULYO,Lampung Timur,wisata alam,-5.390854291,105.6696944,"Parkir, Toilet, Mushola, Restoran",4.3,
106,PALINO SWIMMING POOL,Lampung Timur,wisata buatan,-5.046549688,105.6455057,"Parkir, Toilet, Mushola, Restoran",4.3,
107,KOLAM RENANG INTANA,Lampung Timur,wisata buatan,-5.129247626,105.4347639,"Parkir, Toilet, Mushola, Restoran",4.3,
108,kolam renang mawar,Lampung Timur,wisata buatan,-4.593284986,105.5301214,"Parkir, Toilet, Mushola, Restoran",4.2,
109,kolam renang pelangi,Lampung Timur,wisata buatan,-5.173218968,105.7050094,"Parkir, Toilet, Mushola, Restoran",4.2,
110,KOLAM RENANG PITALOKA,Lampung Timur,wisata buatan,-5.044897067,105.3630243,"Parkir, Toilet, Mushola, Restoran",4.1,
111,Kolam Renang tirta Arum,Lampung Timur,wisata buatan,-5.090309691,105.6026789,"Parkir, Toilet, Mushola, Restoran",4.7,
112,Kolam Renang Tirta Golden,Lampung Timur,wisata buatan,-4.608643157,105.2950617,"Parkir, Toilet, Mushola, Restoran",4.1,
113,Kolam Renang Z.S Berkah Mandiri,Lampung Timur,wisata buatan,-5.12074428,105.4025113,"Parkir, Toilet, Mushola, Restoran",4.6,
114,KR. Bonetan,Lampung Timur,wisata buatan,-5.12878084,105.4449219,"Parkir, Toilet, Mushola, Restoran",4.5,
115,Makam Al Habib Husain Bin Usman Alaidrus,Lampung Timur,wisata budaya,-5.35159549,105.8097624,"Parkir, Toilet, Mushola, Restoran",4.6,
116,Taman Wisata Mangrove Pandan Alas,Lampung Timur,wisata alam,-5.316409881,105.8216918,"Parkir, Toilet, Mushola, Restoran",4.1,
117,Muara Alam Lestari,Lampung Timur,wisata alam,-5.574208928,105.8183012,"Parkir, Toilet, Mushola, Restoran",5,
118,pantai cemara,Lampung Timur,wisata alam,-5.419230071,105.8066305,"Parkir, Toilet, Mushola, Restoran",4.8,
119,pantai mutiara baru,Lampung Timur,wisata alam,-5.424903008,105.8011548,"Parkir, Toilet, Mushola, Restoran",4.3,
120,Taman Wisata Seni dan Budaya RANDU MAS,Lampung Timur,wisata buatan,-5.299292289,105.5665544,"Parkir, Toilet, Mushola, Restoran",4.3,
121,Taman Nasional Way Kambas,Lampung Timur,wisata alam,-4.923057184,105.7758075,"Parkir, Toilet, Mushola, Restoran",4.3,
122,TAMAN PURBAKALA PUGUNG RAHARJO,Lampung Timur,wisata alam,-5.300654307,105.5712848,"Parkir, Toilet, Mushola, Restoran",4.4,
123,Taman Santap Mbak Dwi,Lampung Timur,wisata alam,-5.071630898,105.3828887,"Parkir, Toilet, Mushola, Restoran",4.4,
124,Taman Wisata Beringin Indah,Lampung Timur,wisata alam,-5.06846068,105.5153651,"Parkir, Toilet, Mushola, Restoran",4.3,
125,Water Boom Way Mulyo,Lampung Timur,wisata buatan,"-5,5743084","105,7881593","Parkir, Toilet, Mushola, Restoran",4.3,
126,Waterboom Tirta Kencana,Lampung Timur,wisata buatan,"-4,5472418","105,1260979","Parkir, Toilet, Mushola, Restoran",4.1,
127,wisata marga indah,Lampung Timur,wisata buatan,"-4,3974993","105,3225955","Parkir, Toilet, Mushola, Restoran",4.7,
128,Wisata Muara Alam,Lampung Timur,wisata alam,"-3,9986283","105,3970164","Parkir, Toilet, Mushola, Restoran",3.8,
129,Wisata Alam Kali Aro,Lampung Timur,wisata alam,"-4,9901925","105,3360896","Parkir, Toilet, Mushola, Restoran",4,
130,Wisata Danau Kemuning,Lampung Timur,wisata alam,"-5,3057167","105,7353358","Parkir, Toilet, Mushola, Restoran",4.2,
131,AGROWISATA KEBUN JERUK        ,Lampung Utara,wisata alam,"-4,8600688","104,5719299","Parkir, Toilet, Mushola, Restoran",3.8,
132,Curup gijul,Lampung Utara,wisata alam,"-4,9857702","104,7386558","Parkir, Toilet, Mushola, Restoran",2.6,
133,Bendungan Way Tulung Mas,Lampung Utara,wisata buatan,"-4,9500054","104,7877261","Parkir, Toilet, Mushola, Restoran",3.9,
134,Curup Selampung,Lampung Utara,wisata alam,"-4,8086085","104,8628815","Parkir, Toilet, Mushola, Restoran",3.7,
135,Curup Sri Ratu Klawas,Lampung Utara,wisata alam,"-4,663910267","104,6505052","Parkir, Toilet, Mushola, Restoran",4.2,
136,Embung Cinta Manis,Lampung Utara,wisata buatan,"-4,8178672","104,8686431","Parkir, Toilet, Mushola, Restoran",5,
137,Green Bambo,Lampung Utara,wisata alam,-4.909787555,104.72874827,"Parkir, Toilet, Mushola, Restoran",4.4,
138,Green Belt,Lampung Utara,wisata buatan,-4.85161461,104.73779737,"Parkir, Toilet, Mushola, Restoran",4.3,
139,Kebum Jeruk Bilal,Lampung Utara,wisata buatan,"-4,853432047","104,9299462","Parkir, Toilet, Mushola, Restoran",4,
140,Kimal Park,Lampung Utara,wisata buatan,-4.730894, 104.856225,"Parkir, Toilet, Mushola, Restoran",4.2,
141,Kolam Renang Satria Fortuna,Lampung Utara,wisata buatan,-4.855234,104.6125932,"Parkir, Toilet, Mushola, Restoran",4.1,
142,Kolam Renang Sri Lestari,Lampung Utara,wisata buatan,-4.84187218, 104.89853491,"Parkir, Toilet, Mushola, Restoran",3.8,
143,Lembah Bambu Kuning,Lampung Utara,wisata buatan,"-5,337400806","105,4731969","Parkir, Toilet, Mushola, Restoran",4.1,
144,Makam Istri Puyang Minah Trio Deso,Lampung Utara,wisata religi,-4.885528,104.59829497,Parkir ,5,
145,Makam Sayid Abu Bakar Bin Husen Alatas,Lampung Utara,wisata religi,-4.8747208,104.9659839,"Parkir, Toilet, Mushola, Restoran",5,
146,MUSEUM MINI LAMPUNG UTARA,Lampung Utara,wisata budaya,"-4,8086085","104,8628815","Parkir, Toilet ",4.1,
147,Stadion Sukung Kelapa,Lampung Utara,wisata buatan,"-4,8428964","104,8964491",Parkir ,4,
148,TAMAN KOLEKTIF SUBIK,Lampung Utara,wisata buatan,"-4,9736126","104,7556382","Parkir, Toilet",4.2,
149,Taman Monlee,Lampung Utara,wisata buatan,"-4,8086085","104,8628815","Parkir, Toilet",4,
150,Taman Sahabat,Lampung Utara,wisata buatan,"-4,824678","104,8833743","Parkir, Toilet",4.3,
151,Taman Wisata Bening Indah,Lampung Utara,wisata buatan,"-4,9313166","104,793019","Parkir, Toilet",4.3,
152,Taman Wisata Way Rarem,Lampung Utara,wisata buatan,"-4,9313166","104,793019","Parkir, Toilet",4.3,
153,Wisata Bendungan Tirta Shinta,Lampung Utara,wisata buatan,"-4,8734068","104,7771387","Parkir, Toilet",4.1,
154,Tugu Payan Mas,Lampung Utara,wisata budaya,"-3,2963061","114,586271","Parkir, Toilet",4.5,
155,Way Tebabeng,Lampung Utara,wisata buatan,"-4,8086085","104,8628815","Parkir, Toilet",4.2,
156,Alun-Alun Hadi Mulyo,Mesuji,wisata buatan,-4.10512521,105.13131639,"Parkir, Restoran",4.2,
157,BENDUNGAN ALBARET,Mesuji,wisata buatan,-4.010441787,105.2535674,"Parkir, Toilet, Mushola, Restoran",3.8,
158,BENDUNGAN BENIL,Mesuji,wisata buatan,-3.93777277,105.3736727,"Parkir, Toilet, Mushola, Restoran",4.4,
159,Bendungan Brabasan,Mesuji,wisata buatan,-3.98631817,105.33571138,"Parkir, Toilet, Mushola, Restoran",5,
160,DANAU ASRI BUKO POSO,Mesuji,wisata alam,"-4,1832679","105,1623405","Parkir, Toilet, Mushola, Restoran",4.1,
161,DERMAGA WIRALAGA MESUJI,Mesuji,wisata buatan,"-3,97541905","105,3749436","Parkir, Toilet, Mushola, Restoran",4.5,
162,EMBUNG BUMI HARAPAN,Mesuji,wisata buatan,"-4,2088402","105,1266106","Parkir, Toilet, Mushola, Restoran",,
163,Embung Hadi Mulyo,Mesuji,wisata buatan,-4.10428661,105.12136501,"Parkir, Toilet, Mushola, Restoran",1,
164,EMBUNG SUKA AGUNG,Mesuji,wisata buatan,"-4,021233","105,1692143","Parkir, Toilet, Mushola, Restoran",5,
165,QARIRA GAREDEN,Mesuji,wisata buatan,-4.2061775, 105.1275573,"Parkir, Toilet, Mushola, Restoran",3.7,
166,REST AREA 234,Mesuji,wisata buatan,"-4,0813536","105,1586932","Parkir, Toilet, Mushola, Restoran",4.5,
167,REST AREA AGUNG BATIN,Mesuji,wisata buatan,"-4,0155164","105,1393223","Parkir, Toilet, Mushola, Restoran",4.1,
168,TAMAN KEHATI WATERPARK,Mesuji,wisata buatan,"-4,0962764","105,4605685","Parkir, Toilet, Mushola, Restoran",4.3,
169,TAMAN NUSA INDAH BRABASAN,Mesuji,wisata buatan,-3.989969,105.33708174,"Parkir, Toilet, Mushola, Restoran",3.9,
170,TUGU KEANEKARAGAMAN HAYATI,Mesuji,wisata buatan,"-3,95363005","105,3255469","Parkir, Toilet, Mushola, Restoran",4.2,
171,WATERBOOM RAYA TIRTA MULYA,Mesuji,wisata buatan,"-3,9521584","105,3657344","Parkir, Toilet, Mushola, Restoran",4.8,
172,WISATA SUNGAI KABUNG,Mesuji,wisata alam,-3.8443119,105.4889631,"Parkir, Toilet, Mushola, Restoran",4.7,
173,WISATA SUSUR SUNGAI,Mesuji,wisata buatan,-3.8414324,105.4868334,"Parkir, Toilet, Mushola, Restoran",5,
174,Tugu Sepasang Pengantin,Mesuji,wisata budaya,"-5,3796243","105,0944259","Parkir, Toilet, Mushola, Restoran",4.3,
175,AGRO WISATA ABANG FAREL,Pesawaran,wisata buatan,-5.156832,105.2136965,"Parkir, Toilet, Mushola, Restoran",5,
176,Air Terjun Anglo Kaliawi,Pesawaran,wisata alam,-5.5354283,105.0696752,"Parkir, Toilet, Mushola, Restoran",4.4,
177,AIR TERJUN GUNUNG BETUNG,Pesawaran,wisata alam,"-5,433333","105,166667","Parkir, Toilet, Mushola, Restoran",4.6,
178,Air Terjun Kembar Rindu Alam,Pesawaran,wisata alam,-5.5819311,105.0592779,"Parkir, Toilet, Mushola, Restoran",4.8,
179,AIR TERJUN SENTUL JAYA,Pesawaran,wisata alam,"-5,762322075","105,6850351","Parkir, Toilet, Mushola, Restoran",4.6,
180,AIR TERJUN SINAR TIGA,Pesawaran,wisata alam,-5.53013744,105.1034834,"Parkir, Toilet, Mushola, Restoran",4.7,
181,AMANDADI RIVERSIDE,Pesawaran,wisata alam,-5.41596265,105.0972234,"Parkir, Toilet, Mushola, Restoran",4.4,
182,Bensam Beach,Pesawaran,wisata alam,-5.5781921,105.2005257,"Parkir, Toilet, Mushola, Restoran",4.8,
183,BUKIT PERKEMAHAN BUKIT CENDANA,Pesawaran,wisata alam,"-5,4562179","105,2483994","Parkir, Toilet, Mushola, Restoran",4.5,
184,BUKIT TALANG MULYA (AGRO WISATA),Pesawaran,wisata alam,-5.460281, 105.191761,"Parkir, Toilet, Mushola, Restoran",4.4,
185,ECO-MANGROVE CUKU NYI-NYI,Pesawaran,wisata alam,-5.5621598,105.244755,"Parkir, Toilet, Mushola, Restoran",4.6,
186,Embung Purworejo,Pesawaran,wisata buatan,"-5,3452761","105,0821097","Parkir, Toilet, Mushola, Restoran",4.1,
187,Hutan Mangrove Petengoran,Pesawaran,wisata alam,"-5,47813585","105,1261399","Parkir, Toilet, Mushola, Restoran",4.5,
188,JEJAMA KHAM TAPIS,Pesawaran,wisata budaya,-5.3265239,105.1052168,"Parkir, Toilet, Mushola, Restoran",4.9,
189,KOLAM RENANG CITRA SEWU,Pesawaran,wisata buatan,-5.5750601,105.230843,"Parkir, Toilet, Mushola, Restoran",4.5,
190,KOLAM RENANG LEMBAH DAMAI,Pesawaran,wisata buatan,-5.4395937,105.0951726,"Parkir, Toilet, Mushola, Restoran",4.9,
191,Kolam Renang Pesawaran City,Pesawaran,wisata buatan,-5.3970635,105.078977,"Parkir, Toilet, Mushola, Restoran",2.7,
192,KOLAM RENANG SUNJOYO,Pesawaran,wisata buatan,-5.380904,105.135375,"Parkir, Toilet, Mushola, Restoran",4.6,
193,KOLAM RENANG TIRTO SANTOSO,Pesawaran,wisata buatan,-5.3670305,105.1637241,"Parkir, Toilet, Mushola, Restoran",4.1,
194,Way Labu City Swimming Pool,Pesawaran,wisata buatan,-5.44110101,105.0236405,"Parkir, Toilet, Mushola, Restoran",4,
195,MS Town Pantai Mutun,Pesawaran,wisata alam,"-5,5095584","105,2568023","Parkir, Toilet, Mushola, Restoran",4.3,
196,MUNCAK TEROPONG LAUT,Pesawaran,wisata alam,-5.4854905,105.2440154,"Parkir, Toilet, Mushola, Restoran",4.4,
197,Museum Transmigrasi,Pesawaran,wisata budaya,"-5,3776549","105,1071594","Parkir, Toilet, Mushola, Restoran",4.5,
198,PANTAI D'RAJASH,Pesawaran,wisata alam,"-5,83815745","105,2314414","Parkir, Toilet, Mushola, Restoran",4.4,
199,Pantai Dewi Mandapa,Pesawaran,wisata alam,"-5,463120884","105,2455524","Parkir, Toilet, Mushola, Restoran",3.8,
200,PANTAI KETAPANG BAHARI,Pesawaran,wisata alam,"-5,68879","105,1798887","Parkir, Toilet, Mushola, Restoran",4.5,
201,Pantai Klara 2,Pesawaran,wisata alam,"-5,387603074","105,2046539","Parkir, Toilet, Mushola, Restoran",4.6,
202,Pantai Klara I,Pesawaran,wisata alam,"-5,4559573","105,084691","Parkir, Toilet, Mushola, Restoran",4.4,
203,Pantai Pulau Tembikil,Pesawaran,wisata alam,"-5,81899565","105,3429871","Parkir, Toilet, Mushola, Restoran",4.4,
204,Pantai Putri Distian Mutun,Pesawaran,wisata alam,"-5,5095584","105,2568023","Parkir, Toilet, Mushola, Restoran",4.5,
205,Pantai Sari Ringgung,Pesawaran,wisata alam,"-5,82853425","105,2652327","Parkir, Toilet, Mushola, Restoran",4.2,
206,PUNGKI PARK,Pesawaran,wisata buatan,"-5,366025605","105,2035967","Parkir, Toilet, Mushola, Restoran",4.5,
207,Saung Djunjungan,Pesawaran,wisata buatan,-5.3575044,105.1842525,"Parkir, Toilet, Mushola, Restoran",4.4,
208,Sungai Kali Bronjong,Pesawaran,wisata alam,"-5,3886773","105,1540168","Parkir, Toilet, Mushola, Restoran",4.4,
209,Taman Bukit Raya,Pesawaran,wisata alam,-5.33490481,105.0615413,"Parkir, Toilet, Mushola, Restoran",4\.6,
210,WATERBOOM W&W,Pesawaran,wisata buatan,"-4,9373689","105,7283403","Parkir, Toilet, Mushola, Restoran",4.3,
211,WISATA ALAM PUNGGUNG NAGA,Pesawaran,wisata alam,"-5,257727101","105,1768654","Parkir, Toilet, Mushola, Restoran",4.6,
212,WISATA ALAM WAY MIOS,Pesawaran,wisata alam,"-5,5828471","105,0499274","Parkir, Toilet, Mushola, Restoran",4.5,
213,Youth Camp Tahura,Pesawaran,wisata alam,-5.412418,105.1869457,"Parkir, Toilet, Mushola, Restoran",4.5,
214,1&2 Bee Free,Pesisir Barat,wisata alam,-5.304808,103.998520,"Parkir, Toilet, Restoran",5,
215,Kawasan Wisata Labuhan Jukung,Pesisir Barat,wisata alam,-5.1900074,103.9316644,"Parkir, Toilet, Mushola, Restoran",4.5,
216,Kedai Ram T. setia,Pesisir Barat,wisata alam,-5.3155212,103.994593,"Parkir, Toilet, Mushola, Restoran",5,
217,Objek WIsata Goa Matu,Pesisir Barat,wisata alam,-5.121839,103.9018393,"Parkir, Toilet, Mushola, Restoran",4,
218,Pantai Mandiri,Pesisir Barat,wisata alam,-5.24841187,103.9715979,"Parkir, Toilet, Mushola, Restoran",4.6,
219,Mirau Malaya Stone,Pesisir Barat,wisata alam,-4.9685267,103.7178197,"Parkir, Toilet, Mushola, Restoran",4.7,
220,Pantai Batu Tihang,Pesisir Barat,wisata alam,-5.0507147,103.8151774,"Parkir, Toilet, Mushola, Restoran",4.6,
221,Pantai Hanibung,Pesisir Barat,wisata alam,-5.1828726,103.96570008,"Parkir, Toilet, Mushola, Restoran",5,
222,Pantai Pesisir Way Sindi,Pesisir Barat,wisata alam,-5.12867546,103.91258353,"Parkir, Toilet, Mushola, Restoran",4.3,
223,Pantai Krui,Pesisir Barat,wisata alam,-5.05746149, 103.9202627,"Parkir, Toilet, Mushola, Restoran",4.6,
224,Kedai Kubu Giom,Pesisir Barat,wisata alam,-5.247941,103.9652244,"Parkir, Toilet, Mushola, Restoran",5,
225,Pantai Labuhan Bakhu,Pesisir Barat,wisata alam,-5.43607120,104.1104754,"Parkir, Toilet, Mushola, Restoran",4.5,
226,Pantai Pasir Putih,Pesisir Barat,wisata alam,-5.11515539,104.0490675,"Parkir, Toilet, Mushola, Restoran",4.8,
227,Pantai Penaga Resort,Pesisir Barat,wisata alam,"-5,0677943","103,9327175","Parkir, Toilet, Mushola, Restoran",5,
228,Pantai Ilahan,Pesisir Barat,wisata alam,-5.2329741,103.9093314,"Parkir, Toilet, Mushola, Restoran",4.8,
229,BMJ,Pringsewu,wisata alam,"-5,3811852","105,0533986","Parkir, Toilet, Mushola, Restoran",4.3,
230,Bukit Tursina,Pringsewu,wisata alam,"-5,340470838","104,9859216","Parkir, Toilet, Mushola, Restoran",4.2,
231,Cakra Pesona,Pringsewu,wisata buatan,"-5,35818205","105,006534","Parkir, Toilet, Mushola, Restoran",4.3,
232,CekDam Fajar Agung,Pringsewu,wisata buatan,"-5,3525114","105,0553877","Parkir, Toilet, Mushola, Restoran",5,
233,Eco Taman Sari,Pringsewu,wisata buatan,"-5,7121296","105,7601467","Parkir, Toilet, Mushola, Restoran",4.3,
234,Maria Padang Bulan Cave,Pringsewu,wisata alam,-5.35063485,104.949647,"Parkir, Toilet, Mushola, Restoran",4.7,
235,Gunung Gede Kawitan,Pringsewu,wisata alam,-5.4062735,104.936216,"Parkir, Toilet, Mushola, Restoran",5,
236,Jembatan Talang 1,Pringsewu,wisata buatan,-5.3575464,104.9375787,"Parkir, Toilet, Mushola, Restoran",4.3,
237,Lanakila Lake,Pringsewu,wisata alam,-5.3419875,104.909426,"Parkir, Toilet, Mushola, Restoran",4.5,
238,Lembah Akasia,Pringsewu,wisata alam,"-5,3562517","104,9162892","Parkir, Toilet, Mushola, Restoran",4.4,
239,Ndoro Putri,Pringsewu,wisata buatan,"-5,3600754","104,9940993","Parkir, Toilet, Mushola, Restoran",4.3,
240,Princhsto,Pringsewu,wisata buatan,"-5,36668925","104,9722121","Parkir, Toilet, Mushola, Restoran",4.5,
241,Pura Giri Sutra Mandala,Pringsewu,wisata budaya,-5.3347304,105.0595727,"Parkir, Toilet, Mushola, Restoran",4.7,
242,REST Area Pringsewu,Pringsewu,wisata buatan,"-5,3725775","105,0122772","Parkir, Toilet, Mushola, Restoran",4.5,
243,Rumah Kalkun,Pringsewu,wisata buatan,"-5,3592667","104,9922256","Parkir, Toilet, Mushola, Restoran",4.6,
244,Saung Cempedak,Pringsewu,wisata buatan,"-5,3567875","104,981605","Parkir, Toilet, Mushola, Restoran",4.5,
245,SENJA WISATA RUMAH KAYU,Pringsewu,wisata buatan,"-5,356496","104,971839","Parkir, Toilet, Mushola, Restoran",4.3,
246,Sentral Industri Tahu,Pringsewu,wisata buatan,"-6,93194735","107,5783029","Parkir, Toilet, Mushola, Restoran",4.4,
247,Talang Indah,Pringsewu,wisata buatan,"-5,340414327","104,9842509","Parkir, Toilet, Mushola, Restoran",3.9,
248,Talang Resort,Pringsewu,wisata buatan,-5.3579577,104.93707448,"Parkir, Toilet, Mushola, Restoran",4,
249,Taman Jomblo,Pringsewu,wisata buatan,-5.2999988,104.9195947,"Parkir, Toilet, Mushola, Restoran",4.2,
250,TAMAN KUDA PRINGSEWU,Pringsewu,wisata buatan,-5.342480043,105.0262462,"Parkir, Toilet, Mushola, Restoran",4.6,
251,Taman Lantana,Pringsewu,wisata buatan,-5.3656837,105.061629,"Parkir, Toilet, Mushola, Restoran",5,
252,WISATA SABAH PAJARAGUNG,Pringsewu,wisata buatan,-5.36277729,104.9520763,"Parkir, Toilet, Mushola, Restoran",5,
253,Taman Sabin Wonodadi,Pringsewu,wisata buatan,-5.3824742,105.0552499,"Parkir, Toilet, Mushola, Restoran",4.3,
254,TAMAN SADRINA,Pringsewu,wisata buatan,-5.34295135,104.8925196,"Parkir, Toilet, Mushola, Restoran",4.7,
255,Taman Senja Wisata,Pringsewu,wisata buatan,"-4,9313166","104,793019","Parkir, Toilet, Mushola, Restoran",4.3,
256,Taman Tirta Asri,Pringsewu,wisata buatan,"-5,0271314","105,5037537","Parkir, Toilet, Mushola, Restoran",4.3,
257,Wisata Batu Kelir,Pringsewu,wisata buatan,-5.4020502,104.9389117,"Parkir, Toilet, Mushola, Restoran",5,
258,Telaga Mas Ngudi Rukun,Pringsewu,wisata buatan,-5.3159614,104.9661713,"Parkir, Toilet, Mushola, Restoran",4.7,
259,Telaga Gupit,Pringsewu,wisata alam,"-5,3811601","105,0239998","Parkir, Toilet, Mushola, Restoran",4,
260,Teluk Kenyo,Pringsewu,wisata alam,"-5,3573955","104,9590135","Parkir, Toilet, Mushola, Restoran",4.6,
261,Tugu Pringsewu,Pringsewu,wisata budaya,"-5,3721346","105,0120469","Parkir, Toilet, Mushola, Restoran",4.5,
262,Kolam Renang Way Lunik,Pringsewu,wisata buatan,-5.3368976,104.9750675,"Parkir, Toilet, Mushola, Restoran",4.6,
263,WISATA RATU BANYU,Pringsewu,wisata buatan,"-5,2579578","104,9052995","Parkir, Toilet, Mushola, Restoran",4.5,
264,YY WATER PLAY,Pringsewu,wisata buatan,"-5,5862631","105,3887431","Parkir, Toilet, Mushola, Restoran",4.4,
265,Pantai Badak,Tanggamus,wisata alam,"-5,626914","104,8730308","Parkir, Toilet, Mushola, Restoran",4.2,
266,Pantai Muara Baru,Tanggamus,wisata alam,"-5,2893872","104,5601056","Parkir, Toilet, Mushola, Restoran",4.6,
267,Agrowisata Jambu Kristal,Tanggamus,wisata buatan,"-5,4732113","104,599396","Parkir, Toilet, Mushola, Restoran",4.6,
268,Air terjun batususun bakoman,Tanggamus,wisata alam,"-5,3123486","104,6530977","Parkir, Toilet, Mushola, Restoran",4.8,
269,Air terjun lamuran,Tanggamus,wisata alam,"-5,1059692","104,1956663","Parkir, Toilet, Mushola, Restoran",4.7,
270,Air Terjun Lembah Pelangi,Tanggamus,wisata alam,-5.33302486,104.5459109,"Parkir, Toilet, Mushola, Restoran",4.5,
271,Air terjun Way kerap,Tanggamus,wisata alam,"-5,4769422","104,4440815","Parkir, Toilet, Mushola, Restoran",4.5,
272,Gisting Idaman Hill,Tanggamus,wisata alam,-5.4315643,104.72746785,"Parkir, Toilet, Mushola, Restoran",4.4,
273,Butterfly Swiming Pool,Tanggamus,wisata buatan,"-5,51405375","104,7771435","Parkir, Toilet, Mushola, Restoran",4.2,
274,Pantai Cemara Beach & Camp Digul,Tanggamus,wisata alam,-5.51070157,104.5636917,"Parkir, Toilet, Mushola, Restoran",4.9,
275,Curup Jarum Lebuay,Tanggamus,wisata alam,"-5,1648745","104,7000174","Parkir, Toilet, Mushola, Restoran",4.7,
276,Air Panas Danau Hijau Ulubelu,Tanggamus,wisata alam,-5.323041,104.5752834,"Parkir, Toilet, Mushola, Restoran",4,
277,Dermaga Batu balai,Tanggamus,wisata buatan,"-5,2911985","104,6805064","Parkir, Toilet, Mushola, Restoran",4.5,
278,Karang Nalu,Tanggamus,wisata alam,"-5,7308103","104,6436405","Parkir, Toilet, Mushola, Restoran",5,
279,Laguna Gayau,Tanggamus,wisata alam,"-5,4949353","104,6184586","Parkir, Toilet, Mushola, Restoran",4.7,
280,Lentana Garden,Tanggamus,wisata buatan,-5.4436413,104.724886,"Parkir, Toilet, Mushola, Restoran",4.5,
281,Margo Tirto,Tanggamus,wisata buatan,"-5,3856529","104,9753501","Parkir, Toilet, Mushola, Restoran",4.3,
282,Mata Air Simpang Kanan,Tanggamus,wisata alam,"-5,3904303","104,7081477","Parkir, Toilet, Restoran",4.3,
283,Mata Air Sumber Agung,Tanggamus,wisata alam,"-5,4074378","104,9294121","Parkir, Toilet, Restoran",4.4,
284,Pantai digoel,Tanggamus,wisata alam,-5.48907423,104.559468,"Parkir, Toilet, Restoran",4.4,
285,Pantai Bahari Pekon Tanjung Agung,Tanggamus,wisata alam,-5.486370307,104.574867,"Parkir, Toilet, Restoran",,
286,Pantai Batu Batu,Tanggamus,wisata alam,-5.753298,105.0593825,"Parkir, Toilet, Restoran",4.7,
287,Pantai Batu Kebau Pihabung,Tanggamus,wisata alam,-5.5188153,104.6986638,"Parkir, Toilet, Restoran",4.7,
288,Pantai Batu Petayuman,Tanggamus,wisata alam,-5.6956828,104.9670908,"Parkir, Toilet, Restoran",4.8,
289,pantai bidadari putih,Tanggamus,wisata alam,-5.636417,104.8511089,"Parkir, Toilet, Restoran",4.5,
290,Pantai Gungwani,Tanggamus,wisata alam,-5.755597,105.06981032,"Parkir, Toilet, Restoran",5,
291,Pantai Harapan,Tanggamus,wisata alam,"-5,3560475","104,8461075","Parkir, Toilet, Restoran",4.4,
292,Pantai Indah Ruguk,Tanggamus,wisata alam,-5.63775012,104.8530089,"Parkir, Toilet, Restoran",4.4,
293,Pantai Karang Bolong,Tanggamus,wisata alam,-5.6090807,104.788895,"Parkir, Toilet, Restoran",4.4,
294,Pantai Karang Indah Cuku Betung,Tanggamus,wisata alam,-5.50930551,104.6647816,"Parkir, Toilet, Restoran",4.1,
295,Pantai LOSARI INDAH,Tanggamus,wisata alam,-5.5368028,104.7216961,"Parkir, Toilet, Restoran",4.3,
296,pantai Napal Kalumbayan,Tanggamus,wisata alam,"-5,5160157","104,8600248","Parkir, Toilet, Restoran",4.7,
297,Pantai Pasir Putih Teluk Kiluan negeri,Tanggamus,wisata alam,"-5,52863405","105,3548429","Parkir, Toilet, Restoran",4.5,
298,Pantai Pintasan,Tanggamus,wisata alam,-5.71910237,104.9962413,"Parkir, Toilet, Restoran",4.7,
299,Pantai Satu Kelapa,Tanggamus,wisata alam,-5.7532153,105.0772849,"Parkir, Toilet, Restoran",4.5,
300,PANTAI SETIGI,Tanggamus,wisata alam,-5.8092222,104.6907974,"Parkir, Toilet, Restoran",5,
301,Wisata Tanjung palapa,Tanggamus,wisata alam,-5.5143701,104.5580217,"Parkir, Toilet, Restoran",3.5,
302,Pantai Umbar,Tanggamus,wisata alam,"-5,6936866","104,9761937","Parkir, Toilet, Restoran",4.7,
303,Pantai Wisata kekhamat butuah,Tanggamus,wisata alam,"-5,452126","104,7135574","Parkir, Toilet, Restoran",5,
304,Pulau Kelapa Teluk Kiluan,Tanggamus,wisata alam,"-5,78119595","105,093018","Parkir, Toilet, Restoran",4.6,
305,Rekreasi pihabung karang,Tanggamus,wisata alam,"-5,7308103","104,6436405","Parkir, Toilet, Restoran",4.7,
306,Rest Area Gisting,Tanggamus,wisata buatan,"-5,4382348","104,7376675","Parkir, Toilet, Restoran",4.3,
307,Sumber Mulyo Sailing,Tanggamus,wisata buatan,"-5,3681473","104,7191438","Parkir, Toilet, Restoran",4.6,
308,Taman Wisata Muara Indah,Tanggamus,wisata buatan,"-5,2893872","104,5601056","Parkir, Toilet, Restoran",4.2,
309,Vila Voda,Tanggamus,wisata buatan,-5.45367487,104.7064324,"Parkir, Toilet, Restoran",4.3,
310,Water dam,Tanggamus,wisata buatan,"-5,4685104","104,5259648","Parkir, Toilet, Restoran",4.9,
311,Air Terjun Way Lalaan 1,Tanggamus,wisata alam,-5.48489208,104.6891741,"Parkir, Toilet, Restoran",4.5,
312,BENDUNGAN WAY TEHILI,Tanggamus,wisata buatan,-5.46609793,104.60663201,"Parkir, Toilet",4.3,
313,PANTAI BATU BALAI,Tanggamus,wisata alam,-5.48502558,104.68830841,"Parkir, Toilet, Restoran",5,
314,Wana Wisata Bukit Neba,Tanggamus,wisata alam,-5.45184225,104.74317895,"Parkir, Toilet, Mushola, Restoran",4.3,
315,Pantai Gigi Hiu,Tanggamus,wisata alam,"-5,3661036","104,7796354","Parkir, Toilet, Restoran",4.6,
316,Pantai muara tanjung burnai,Tanggamus,wisata alam,-5.5456456,104.5324994,"Parkir, Toilet, Mushola, Restoran",4.6,
317,Wisata Pantai Pesesekh Khikit,Tanggamus,wisata alam,-5.5643782,104.5493819,"Parkir, Toilet, Mushola, Restoran",4.5,
318,Wisata Pantai Teluk Paku,Tanggamus,wisata alam,"-5,7039111","104,9929273","Parkir, Toilet, Mushola, Restoran",4.6,
319,Wisata pantai terbaya,Tanggamus,wisata alam,"-5,4969108","104,6489074","Parkir, Toilet, Mushola, Restoran",4,
320,Wisata Pulau Biru,Tanggamus,wisata buatan,"-5,4640272","104,594831","Parkir, Toilet, Mushola, Restoran",4.5,
321,Wisata Teluk Kiluan,Tanggamus,wisata alam,"-5,7253917","105,0251962","Parkir, Toilet, Mushola, Restoran",4.6,
322,Taman Agro Wisata Tubaba,Tulang Bawang Barat,wisata buatan,-4.5597769,105.1108916,"Parkir, Toilet, Mushola, Restoran",4,
323,Kebun Anggur Mini Kurnia grape,Tulang Bawang Barat,wisata buatan,-4.4966320,105.1441831,"Parkir, Toilet, Mushola, Restoran",4.5,
324,Buaya Keramat pagar dewa Lambow kibang,Tulang Bawang Barat,wisata buatan,-4.3978069,105.1425746,"Parkir, Toilet, Mushola, Restoran",5,
325,KERAMAT GEMOL,Tulang Bawang Barat,wisata religi,-4.4851766,105.0486611,"Parkir, Toilet, Mushola, Restoran",5,
326,KOLAM RENANG BANG ARI,Tulang Bawang Barat,wisata buatan,-4.5207689,105.0773822,"Parkir, Toilet, Mushola, Restoran",4.5,
327,Wahana Banyu Biru,Tulang Bawang Barat,wisata buatan,-4.6381987,105.0763837,"Parkir, Toilet, Mushola, Restoran",4.1,
328,Kolam Renang Way Andak,Tulang Bawang Barat,wisata buatan,-4.6324673,105.1383693,"Parkir, Toilet, Mushola, Restoran",4.4,
329,LAS SENGOK,Tulang Bawang Barat,wisata alam,"-4,3980264","105,5542801","Parkir, Toilet, Mushola, Restoran",3.9,
330,LEMBAH TURE,Tulang Bawang Barat,wisata alam,"-4,43230255","105,1424734","Parkir, Toilet, Mushola, Restoran",4.1,
331,Pelangi Waterboom,Tulang Bawang Barat,wisata buatan,-4.5879883,105.1010647,"Parkir, Toilet, Mushola, Restoran",4.3,
332,TAMAN BERMAIN SEHATI IBU DAN ANAK,Tulang Bawang Barat,wisata buatan,-4.5897820,105.1040248,"Parkir, Toilet, Mushola, Restoran",5,
333,TAMAN FAIZ,Tulang Bawang Barat,wisata buatan,-4.5080880,104.9923501,"Parkir, Toilet, Mushola, Restoran",4.2,
334,TAMAN KURA - KURA,Tulang Bawang Barat,wisata buatan,-4.5630297,105.1111025,"Parkir, Toilet, Mushola, Restoran",3.3,
335,TAMAN UMBUL KAPUK,Tulang Bawang Barat,wisata alam,-4.6266844,105.0800614,"Parkir, Toilet, Mushola, Restoran",4.2,
336,Tangga Raja Pagar Dewa,Tulang Bawang Barat,wisata buatan,-4.4251483,105.1387688,"Parkir, Toilet, Mushola, Restoran",4.9,
337,TUGU EMPAT MARGA,Tulang Bawang Barat,wisata budaya,-4.4874461,105.1060204,"Parkir, Toilet, Mushola, Restoran",4.6,
338,Tugu Rato Nago Besanding,Tulang Bawang Barat,wisata budaya,-4.5394145,105.0871300,"Parkir, Toilet, Mushola, Restoran",4.5,
339,Uluan Nughik,Tulang Bawang Barat,wisata buatan,-4.5324964,105.0853120,"Parkir, Toilet, Mushola, Restoran",4.6,
340,Water Park Kali Miring,Tulang Bawang Barat,wisata buatan,-4.6261952,105.1259927,"Parkir, Toilet, Mushola, Restoran",3.8,
341,WISATA TIKAR GEDUNG RATU,Tulang Bawang Barat,wisata budaya,-4.50475334,105.0495918,"Parkir, Toilet, Mushola, Restoran",5,
342,CAKAT RAYA,Tulang Bawang,wisata budaya,-4.42734391,105.2604472,"Parkir, Toilet, Mushola, Restoran",4.2,
343,Danau Telu pitu,Tulang Bawang,wisata alam,-4.41425982,105.5162606,"Parkir, Toilet, Mushola, Restoran",5,
344,Gedung Perwatin,Tulang Bawang,wisata budaya,-4.47176030,105.2402066,"Parkir, Toilet, Mushola, Restoran",4.3,
345,Kolam Renang Dwi Puspa,Tulang Bawang,wisata buatan,-4.27078246,105.2375794,"Parkir, Toilet, Restoran",4.4,
346,Kolam Renang Ganda Putra Jaya,Tulang Bawang,wisata buatan,-4.21718075,105.6397398,"Parkir, Toilet, Restoran",3.8,
347,Kolam Renang Mandala,Tulang Bawang,wisata buatan,-4.43899591,105.8332987,"Parkir, Toilet, Restoran",3.5,
348,Kolam Renang Taman Bahagia,Tulang Bawang,wisata buatan,-4.38957719,105.2853434,"Parkir, Toilet, Restoran",4.2,
349,Kolam Renang Tirta Jaya,Tulang Bawang,wisata buatan,-4.39306850,105.2724128,"Parkir, Toilet, Restoran",4.4,
350,Kolam Renang Umbul Lekou,Tulang Bawang,wisata buatan,-4.54862006,105.2242770,"Parkir, Toilet, Restoran",4.5,
351,Lapangan Bina Bumi,Tulang Bawang,wisata buatan,-4.27458026,105.4553011,"Parkir, Toilet, Restoran",3.1,
352,Lapangan Bola Kagungan Rahayu,Tulang Bawang,wisata buatan,-4.57087843,105.1931875,"Parkir, Toilet",5,
353,Waterboom Panorama Resort,Tulang Bawang,wisata buatan,-4.28651487,105.1867606,"Parkir, Toilet",4,
354,PANTAI LAUT AGUNG,Tulang Bawang,wisata alam,-4.26769676,105.8182575,"Parkir, Toilet",4.5,
355,PARIS KIDS LAND,Tulang Bawang,wisata buatan,-4.28218427,105.2144544,"Parkir, Toilet",4.5,
356,Pelangi Alam Mesir,Tulang Bawang,wisata buatan,-4.22622235,105.5961089,"Parkir, Toilet, Mushola, Restoran",4.8,
357,Tugu Garuda,Tulang Bawang,wisata buatan,-4.49647813,105.2410366,"Parkir, Toilet, Mushola, Restoran",4.5,
358,Taman Ikan Jelabat,Tulang Bawang,wisata buatan,-4.46163933,105.2579863,"Parkir, Toilet, Mushola, Restoran",2.8,
359,Taman Ikatan Cinta,Tulang Bawang,wisata buatan,-4.23801896,105.2742080,"Parkir, Toilet, Mushola, Restoran",4.5,
360,TAMAN MERAH PUTIH,Tulang Bawang,wisata buatan,-4.30123337, 105.2417892,"Parkir, Toilet, Mushola, Restoran",4.3,
361,Taman Moris Jaya,Tulang Bawang,wisata buatan,-4.28368208,105.2717159,"Parkir, Toilet, Mushola, Restoran",4.7,
362,Taman Padiku,Tulang Bawang,wisata buatan,-4.29001307,105.4353919,"Parkir, Toilet, Mushola, Restoran",4.3,
363,Taman Panca Tunggal Jaya,Tulang Bawang,wisata buatan,-4.30552788,105.5020381,"Parkir, Toilet, Mushola, Restoran",5,
364,Taman Ramah Anak,Tulang Bawang,wisata buatan,-4.42358491,105.7924118,"Parkir, Toilet, Mushola, Restoran",4.2,
365,TAMAN TERAPI IKAN,Tulang Bawang,wisata buatan,-4.22327455,105.6323825,"Parkir, Toilet, Mushola, Restoran",4.5,
366,Taman Warga Makmur Jaya,Tulang Bawang,wisata buatan,-4.28633137,105.1914484,"Parkir, Toilet, Mushola, Restoran",4,
367,Tangga Raja Menggala,Tulang Bawang,wisata budaya,-4.46296741,105.2421569,"Parkir, Toilet, Mushola, Restoran",4,
368,Telaga Lumut Wangi,Tulang Bawang,wisata alam,-4.23771665,105.2448810,"Parkir, Toilet, Mushola, Restoran",3.8,
369,Kolam Renang Tirta Garden,Tulang Bawang,wisata buatan,-4.26390376,105.2451281,"Parkir, Toilet, Mushola, Restoran",4,
370,WISATA ALAM 21,Tulang Bawang,wisata alam,-4.22672055,105.5934840,"Parkir, Toilet, Mushola, Restoran",4.2,
371,AIR TERJUN PUTRI MALU,Way Kanan,wisata alam,-4.85981714,104.3861222,"Parkir, Toilet, Mushola, Restoran",4.4,
372,Bendungan Way Besay Banjit,Way Kanan,wisata buatan,-4.88123606, 104.5061531,"Parkir, Toilet, Restoran",3.7,
373,Bendungan Way Umpu,Way Kanan,wisata buatan,-4.83134704,104.4709357,"Parkir, Toilet, Restoran",4.3,
374,Curup anggal,Way Kanan,wisata alam,-4.81051650,104.5500106,"Parkir, Toilet, Restoran",5,
375,Curup Cangkah Kidau,Way Kanan,wisata alam,-4.75280283,104.4424077,"Parkir, Toilet, Restoran",4.3,
376,Curup Gangsa,Way Kanan,wisata alam,-4.66855920,104.4170404,"Parkir, Toilet, Restoran",4.4,
377,Air Terjun Curup Jepun,Way Kanan,wisata alam,-4.59057177,104.4480917,"Parkir, Toilet, Restoran",4.3,
378,Curup Penyandingan,Way Kanan,wisata alam,-4.59071345,104.4480551,"Parkir, Toilet, Restoran",3.7,
379,Curup Pinang Indah,Way Kanan,wisata alam,-4.65050641,104.3709161,"Parkir, Toilet, Restoran",4.5,
380,Green Canyon kukop,Way Kanan,wisata alam,-4.89578992,104.5073134,"Parkir, Toilet, Restoran",4.1,
381,Kampung Wisata Gedung Batin,Way Kanan,wisata budaya,-4.61816936,104.5822987,"Parkir, Toilet, Restoran",4.2,
382,Bukit Punggur,Way Kanan,wisata alam,-4.80326424, 104.3721218,"Parkir, Toilet, Restoran",4.6,
383,Puncak Sari Wangi,Way Kanan,wisata alam,-4.83731407,104.4244885,"Parkir, Toilet, Restoran",5,
384,Giescho waterbyur baradatu,Way Kanan,wisata buatan,-4.71967609,104.5562816,"Parkir, Toilet, Restoran",4.4,
385,KOLAM RENANG WATER FALL SETIA NEGARA,Way Kanan,wisata buatan,-4.71458630,104.5543413,"Parkir, Toilet, Restoran",5,
386,WaterPark RIZKY,Way Kanan,wisata buatan,-4.74856592,104.5407860,"Parkir, Toilet, Restoran",3.9,
387,ZOWTAA GARDEN,Way Kanan,wisata buatan,-4.42959751,104.7503105,"Parkir, Toilet, Restoran",4.4,
388,Air Terjun Batu Putu,Bandar Lampung,wisata alam,-5.42706444,105.2182565,"Parkir, Toilet, Restoran",4.1,
389,Bukit Sakura Kemiling,Bandar Lampung,wisata buatan,-5.40352923,105.2223840,"Parkir, Toilet, Restoran",4.3,
390,CAMP 91 Kedaung Outbound,Bandar Lampung,wisata buatan,-5.41108475,105.2109723,"Parkir, Toilet, Mushola, Restoran",4.3,
391,Camp Restu Bumi,Bandar Lampung,wisata buatan,-5.43538102,105.1900526,"Parkir, Toilet, Mushola, Restoran",4.8,
392,Farm Day,Bandar Lampung,wisata buatan,-5.42141597,105.1927024,"Parkir, Toilet, Mushola, Restoran",4.2,
393,Jukung Vietnam Resto,Bandar Lampung,wisata buatan,-5.41527835,105.1938440,"Parkir, Toilet, Mushola, Restoran",4.8,
394,Kampoeng Vietnam,Bandar Lampung,wisata buatan,-5.41550341,105.1933722,"Parkir, Toilet, Mushola, Restoran",4.5,
395,Kedatun Keagungan,Bandar Lampung,wisata budaya,-5.37146807,105.2675343,"Parkir, Toilet, Mushola, Restoran",4.6,
396,Lembah BKP,Bandar Lampung,wisata buatan,-5.37816302,105.2084989,"Parkir, Toilet, Mushola, Restoran",4.4,
397,Lembah Durian Farm Stable,Bandar Lampung,wisata alam,-5.41933949,105.1970867,"Parkir, Toilet, Mushola, Restoran",3.8,
398,Lengkung Langit 2,Bandar Lampung,wisata alam,-5.41558082,105.1859164,"Parkir, Toilet, Mushola, Restoran",4.5,
399,Menza Tirta,Bandar Lampung,wisata buatan,-5.36703304,105.2641954,"Parkir, Toilet, Mushola, Restoran",4.5,
400,Museum Lampung Rua Jurai,Bandar Lampung,wisata budaya,-5.37202640,105.2409070,"Parkir, Toilet, Mushola, Restoran",4.5,
401,Pantai Puri Gading,Bandar Lampung,wisata alam,-5.47059346, 105.2498903,"Parkir, Toilet, Mushola, Restoran",3.7,
402,Pantai Tirtayasa,Bandar Lampung,wisata alam,-5.48194004,105.2524696,"Parkir, Toilet, Mushola, Restoran",3.9,
403,Pasar Kreatif dan Seni Lampung,Bandar Lampung,wisata buatan,-5.37983160,105.2778045,"Parkir, Toilet, Mushola, Restoran",4.7,
404,Fishing Natural Charm,Bandar Lampung,wisata buatan,-5.37055652,105.2559881,"Parkir, Toilet, Mushola, Restoran",4.4,
405,Wildlife Tourism Swimming Pool Fountains Cibiah,Bandar Lampung,wisata buatan,-5.43569638,105.2107688,"Parkir, Toilet, Mushola, Restoran",4.2,
406,Pintu Langit 2,Bandar Lampung,wisata buatan,-5.46856777,105.2420517,"Parkir, Toilet, Mushola, Restoran",4.4,
407,Pulau Pasaran,Bandar Lampung,wisata alam,-5.46318391,105.2650858,"Parkir, Toilet, Mushola, Restoran",4.5,
408,Puncak Mas ,Bandar Lampung,wisata buatan,-5.42017997,105.2284532,"Parkir, Toilet, Mushola, Restoran",4.4,
409,Puncak Nirwana Lampung,Bandar Lampung,wisata buatan,-5.44327648, 105.2150920,"Parkir, Toilet, Mushola, Restoran",4.8,
410,Rainbow Slide Kemiling,Bandar Lampung,wisata buatan,-5.41351809,105.1961498,"Parkir, Toilet, Mushola, Restoran",4.5,
411,Sky Garden Cafe and Resto,Bandar Lampung,wisata buatan,-5.39799973,105.2237033,"Parkir, Toilet, Mushola, Restoran",4.2,
412,Taman Betung,Bandar Lampung,wisata buatan,-5.42109000,105.1880190,"Parkir, Toilet, Mushola, Restoran",4.7,
413,Taman Kupu-kupu Gita Persada,Bandar Lampung,wisata buatan,-5.42072836,105.1885693,"Parkir, Toilet, Mushola, Restoran",4.2,
414,Pantai Duta Wisata,Bandar Lampung,wisata buatan,-5.47663436,105.2525760,"Parkir, Toilet, Mushola, Restoran",3.8,
415,Taman Wisata Agripark,Bandar Lampung,wisata buatan,-5.38996571,105.2167350,"Parkir, Toilet, Mushola, Restoran",5,
416,KULINER DUTA GS,Bandar Lampung,wisata buatan,-5.39977213,105.2235621,"Parkir, Toilet, Mushola, Restoran",4.7,
417,Taman Wisata Alam & Cottage Wira Garden,Bandar Lampung,wisata buatan,-5.43605277, 105.2295422,"Parkir, Toilet, Mushola, Restoran",4.5,
418,Lembah Hijau,Bandar Lampung,wisata buatan,-5.41534854,105.2305766,"Parkir, Toilet, Mushola, Restoran",4.3,
419,Teropong Kota Bukit Sindy,Bandar Lampung,wisata buatan,-5.40427863,105.2533784,"Parkir, Toilet, Mushola, Restoran",4.2,
420,Umbul Helau Lampung,Bandar Lampung,wisata buatan,-5.42154706,105.1929297,"Parkir, Toilet, Mushola, Restoran",4.6,
421,Thay Hin Bio Temple,Bandar Lampung,wisata religi,-5.44850297, 105.2631043,"Parkir, Toilet, Restoran",4.8,
422,Wisata Bendungan Sumur Putri,Bandar Lampung,wisata buatan,-5.43823204,105.2458829,"Parkir, Toilet, Mushola, Restoran",4.4,
423,Museum Mini Santa Maria,Metro,wisata budaya,-5.11256177,105.3091119,"Parkir, Toilet, Mushola, Restoran",4.9,
424,DEWI AMOR 21,Metro,wisata buatan,-5.09778482,105.3262927,"Parkir, Toilet, Mushola, Restoran",4.7,
425,Dokterswoning - Rumah Informasi Sejarah Metro,Metro,wisata budaya,-5.11601332,105.3093897,"Parkir, Toilet, Mushola, Restoran",4.7,
426,Kolam Renang Stadion Tejosari,Metro,wisata buatan,-5.14841691,105.3328497,"Parkir, Toilet, Mushola, Restoran",3.8,
427,LEMBAH LONDON,Metro,wisata buatan,-5.14930827,105.3288375,"Parkir, Toilet, Mushola, Restoran",4.5,
428,Masjid Agung Taqwa Kota Metro,Metro,wisata religi,-5.11455162,105.3069136,"Parkir, Toilet, Mushola, Restoran",4.8,
429,Metro Kids Funnplay,Metro,wisata buatan,-5.11402001,105.2991736,"Parkir, Toilet, Mushola, Restoran",4.9,
430,Palem Indah,Metro,wisata buatan,-5.12534580,105.2868399,"Parkir, Toilet, Mushola, Restoran",4.2,
431,Pasar Jamur Sawah,Metro,wisata buatan,-5.14454583, 105.2925161,"Parkir, Toilet, Mushola, Restoran",4.3,
432,Pasar SeGer,Metro,wisata buatan,-5.11479304,105.3189525,"Parkir, Toilet, Mushola, Restoran",4.5,
433,SAMBER PARK,Metro,wisata buatan,-5.11678226,105.3048255,"Parkir, Toilet, Mushola, Restoran",4.3,
434,Taman Wisata Bunga Asri Bougenvilel Resort,Metro,wisata buatan,-5.14593327,105.3273848,"Parkir, Toilet, Mushola, Restoran",3.8,
435,Taman Edukasi Metro,Metro,wisata buatan,-5.11582602,105.3209958,"Parkir, Toilet, Mushola, Restoran",4.5,
436,Taman Merdeka,Metro,wisata buatan,-5.11451617,105.3081651,"Parkir, Toilet, Mushola, Restoran",4.5,
437,WATER BOOM METRO GARDEN,Metro,wisata buatan,-5.10587403,105.3065303,"Parkir, Toilet, Mushola, Restoran",4.6,
438,Wisata Alam Capit Urang,Metro,wisata alam,-5.05690507,105.3135010,"Parkir, Toilet, Mushola, Restoran",4.2,
439,Wisata Alam Alas Purii,Metro,wisata alam,-5.17397796,105.3010435,"Parkir, Toilet, Mushola, Restoran",4,